
-- Guests
INSERT INTO guests (name, email, phone) VALUES
('Alice Smith', 'alice@example.com', '1000000001'),
('Bob Johnson', 'bob@example.com', '1000000002'),
('Charlie Brown', 'charlie@example.com', '1000000003'),
('Diana Prince', 'diana@example.com', '1000000004'),
('Ethan Hunt', 'ethan@example.com', '1000000005'),
('Fiona Gallagher', 'fiona@example.com', '1000000006'),
('George Martin', 'george@example.com', '1000000007'),
('Hannah Davis', 'hannah@example.com', '1000000008'),
('Ian Wright', 'ian@example.com', '1000000009'),
('Jenna Kim', 'jenna@example.com', '1000000010'),
('Kevin Malone', 'kevin@example.com', '1000000011'),
('Laura Croft', 'laura@example.com', '1000000012'),
('Mike Tyson', 'mike@example.com', '1000000013'),
('Nina Parker', 'nina@example.com', '1000000014'),
('Oscar Wilde', 'oscar@example.com', '1000000015'),
('Paul Allen', 'paul@example.com', '1000000016'),
('Quinn Taylor', 'quinn@example.com', '1000000017'),
('Rachel Green', 'rachel@example.com', '1000000018'),
('Steve Jobs', 'steve@example.com', '1000000019'),
('Tina Fey', 'tina@example.com', '1000000020'),
('Uma Thurman', 'uma@example.com', '1000000021'),
('Victor Hugo', 'victor@example.com', '1000000022'),
('Wendy Moss', 'wendy@example.com', '1000000023'),
('Xander Cage', 'xander@example.com', '1000000024'),
('Yara Shahidi', 'yara@example.com', '1000000025'),
('Zack Ryder', 'zack@example.com', '1000000026'),
('Alex Murphy', 'alex@example.com', '1000000027'),
('Brian Lara', 'brian@example.com', '1000000028'),
('Claire Redfield', 'claire@example.com', '1000000029'),
('David Tennant', 'david@example.com', '1000000030');

-- Rooms
INSERT INTO rooms (room_number, type, price_per_night, status) VALUES
('101', 'Single', 50.00, 'Available'),
('102', 'Double', 80.00, 'Booked'),
('103', 'Suite', 150.00, 'Available'),
('104', 'Double', 85.00, 'Cleaning'),
('105', 'Single', 55.00, 'Available'),
('201', 'Suite', 180.00, 'Booked'),
('202', 'Double', 90.00, 'Available'),
('203', 'Single', 60.00, 'Available'),
('204', 'Double', 95.00, 'Booked'),
('205', 'Suite', 200.00, 'Available'),
('301', 'Double', 88.00, 'Available'),
('302', 'Single', 52.00, 'Booked'),
('303', 'Suite', 210.00, 'Available'),
('304', 'Double', 87.00, 'Cleaning'),
('305', 'Single', 57.00, 'Available');

-- Bookings
INSERT INTO bookings (guest_id, room_id, check_in_date, check_out_date, status) VALUES
(1, 2, '2025-06-01', '2025-06-05', 'Confirmed'),
(2, 3, '2025-06-03', '2025-06-07', 'Confirmed'),
(3, 5, '2025-06-04', '2025-06-06', 'Cancelled'),
(4, 1, '2025-06-10', '2025-06-15', 'Confirmed'),
(5, 4, '2025-06-02', '2025-06-08', 'Completed'),
(6, 6, '2025-06-05', '2025-06-10', 'Confirmed'),
(7, 7, '2025-06-06', '2025-06-09', 'Pending'),
(8, 8, '2025-06-08', '2025-06-12', 'Confirmed'),
(9, 9, '2025-06-09', '2025-06-13', 'Completed'),
(10, 10, '2025-06-07', '2025-06-14', 'Confirmed'),
(11, 11, '2025-06-15', '2025-06-18', 'Pending'),
(12, 12, '2025-06-17', '2025-06-22', 'Confirmed'),
(13, 13, '2025-06-20', '2025-06-25', 'Confirmed'),
(14, 14, '2025-06-21', '2025-06-24', 'Cancelled'),
(15, 15, '2025-06-22', '2025-06-27', 'Confirmed'),
(16, 1, '2025-06-02', '2025-06-04', 'Confirmed'),
(17, 3, '2025-06-05', '2025-06-09', 'Confirmed'),
(18, 5, '2025-06-06', '2025-06-08', 'Confirmed'),
(19, 2, '2025-06-03', '2025-06-07', 'Confirmed'),
(20, 4, '2025-06-01', '2025-06-05', 'Completed'),
(21, 6, '2025-06-10', '2025-06-15', 'Confirmed'),
(22, 7, '2025-06-11', '2025-06-14', 'Pending'),
(23, 8, '2025-06-08', '2025-06-12', 'Confirmed'),
(24, 9, '2025-06-10', '2025-06-13', 'Completed'),
(25, 10, '2025-06-13', '2025-06-18', 'Confirmed'),
(26, 11, '2025-06-14', '2025-06-17', 'Pending'),
(27, 12, '2025-06-15', '2025-06-20', 'Confirmed'),
(28, 13, '2025-06-16', '2025-06-21', 'Confirmed'),
(29, 14, '2025-06-17', '2025-06-22', 'Cancelled'),
(30, 15, '2025-06-18', '2025-06-23', 'Confirmed');

-- Payments
INSERT INTO payments (booking_id, amount, payment_date, method) VALUES
(1, 300.00, '2025-05-31', 'Card'),
(2, 600.00, '2025-06-02', 'Online'),
(4, 250.00, '2025-06-09', 'Cash'),
(5, 480.00, '2025-06-01', 'Card'),
(6, 900.00, '2025-06-04', 'Online'),
(8, 240.00, '2025-06-07', 'Card'),
(9, 360.00, '2025-06-08', 'Cash'),
(10, 1400.00, '2025-06-06', 'Online'),
(12, 900.00, '2025-06-16', 'Card'),
(15, 250.00, '2025-06-21', 'Cash'),
(16, 160.00, '2025-06-01', 'Online'),
(17, 780.00, '2025-06-05', 'Card'),
(18, 440.00, '2025-06-06', 'Cash'),
(20, 500.00, '2025-05-31', 'Online'),
(21, 650.00, '2025-06-08', 'Card'),
(23, 220.00, '2025-06-07', 'Cash'),
(24, 380.00, '2025-06-09', 'Online'),
(25, 1100.00, '2025-06-12', 'Card'),
(27, 720.00, '2025-06-13', 'Card'),
(30, 980.00, '2025-06-16', 'Cash');
